{
  "person_income": {
    "mean": 66315.402113168,
    "std": 50617.091507462006
  },
  "person_age": {
    "mean": 27.71332518337408,
    "std": 6.166360427645788
  },
  "person_emp_length": {
    "mean": 4.778117359413203,
    "std": 4.03532188914445
  },
  "loan_amnt": {
    "mean": 9646.335792874606,
    "std": 6313.6875082832175
  },
  "loan_int_rate": {
    "mean": 11.05275934334614,
    "std": 3.227283450324397
  },
  "cb_person_cred_hist_length": {
    "mean": 5.800602514844568,
    "std": 4.043320581628636
  },
  "loan_percent_income": {
    "mean": 0.1694546804051694,
    "std": 0.10633660950569099
  },
  "loan_to_emp_length_ratio": {
    "mean": 0.0007649713315445357,
    "std": 0.0010706515284438854
  },
  "int_rate_to_loan_amt_ratio": {
    "mean": 0.0018672235923299716,
    "std": 0.0018621509195607048
  }
}