{
  "person_age": {
    "mean": 2.7361975765822927e-16,
    "std": 1.0000218309628572
  },
  "person_income": {
    "mean": -3.1022648260570213e-19,
    "std": 1.0000218309628572
  },
  "person_emp_length": {
    "mean": -4.2811254599586896e-17,
    "std": 1.0000218309628572
  },
  "loan_amnt": {
    "mean": 1.16645157459744e-16,
    "std": 1.0000218309628572
  },
  "loan_int_rate": {
    "mean": -1.2843376379876069e-16,
    "std": 1.0000218309628572
  },
  "cb_person_cred_hist_length": {
    "mean": 5.894303169508341e-17,
    "std": 1.0000218309628572
  },
  "loan_percent_income": {
    "mean": 9.98929273990361e-17,
    "std": 1.0000218309628572
  },
  "loan_to_income_ratio": {
    "mean": 0.16983524627820198,
    "std": 0.10664676004753802
  },
  "loan_to_emp_length_ratio": {
    "mean": -4.715442535606673e-17,
    "std": 1.0000218309628572
  },
  "int_rate_to_loan_amt_ratio": {
    "mean": -5.087714314733515e-17,
    "std": 1.0000218309628572
  }
}